,LF_wood,Mass_Timber,Steel,RC,RM,URM,MH
weight,0.5842914886812091,0.03880650520390533,0.08448572641599036,0.052736655573447026,0.03573617596746317,0.1624821340635577,0.04146131382062268
