,RES,COM,PUB
weight,0.7734973519112642,0.14246691463280575,0.030018025977861587
